"filename", "language", "TypeScript", "Markdown", "Ignore", "JavaScript", "JSON", "JSON with Comments", "YAML", "PostCSS", "HTML", "vue", "comment", "blank", "total"
"k:\AiChat\novel2ST\NovelToST\.cursor\mcp.json", "JSON with Comments", 0, 0, 0, 0, 0, 11, 0, 0, 0, 0, 0, 1, 12
"k:\AiChat\novel2ST\NovelToST\.github\workflows\build.yaml", "YAML", 0, 0, 0, 0, 0, 0, 40, 0, 0, 0, 0, 11, 51
"k:\AiChat\novel2ST\NovelToST\.github\workflows\test.yaml", "YAML", 0, 0, 0, 0, 0, 0, 42, 0, 0, 0, 0, 12, 54
"k:\AiChat\novel2ST\NovelToST\.prettierignore", "Ignore", 0, 0, 1, 0, 0, 0, 0, 0, 0, 0, 0, 0, 1
"k:\AiChat\novel2ST\NovelToST\.prettierrc", "JSON", 0, 0, 0, 0, 13, 0, 0, 0, 0, 0, 0, 1, 14
"k:\AiChat\novel2ST\NovelToST\@types\function\audio.d.ts", "TypeScript", 21, 0, 0, 0, 0, 0, 0, 0, 0, 0, 75, 10, 106
"k:\AiChat\novel2ST\NovelToST\@types\function\builtin.d.ts", "TypeScript", 56, 0, 0, 0, 0, 0, 0, 0, 0, 0, 24, 6, 86
"k:\AiChat\novel2ST\NovelToST\@types\function\character.d.ts", "TypeScript", 43, 0, 0, 0, 0, 0, 0, 0, 0, 0, 112, 13, 168
"k:\AiChat\novel2ST\NovelToST\@types\function\chat_message.d.ts", "TypeScript", 66, 0, 0, 0, 0, 0, 0, 0, 0, 0, 155, 14, 235
"k:\AiChat\novel2ST\NovelToST\@types\function\displayed_message.d.ts", "TypeScript", 6, 0, 0, 0, 0, 0, 0, 0, 0, 0, 61, 4, 71
"k:\AiChat\novel2ST\NovelToST\@types\function\extension.d.ts", "TypeScript", 15, 0, 0, 0, 0, 0, 0, 0, 0, 0, 80, 10, 105
"k:\AiChat\novel2ST\NovelToST\@types\function\generate.d.ts", "TypeScript", 61, 0, 0, 0, 0, 0, 0, 0, 0, 0, 202, 22, 285
"k:\AiChat\novel2ST\NovelToST\@types\function\global.d.ts", "TypeScript", 2, 0, 0, 0, 0, 0, 0, 0, 0, 0, 24, 2, 28
"k:\AiChat\novel2ST\NovelToST\@types\function\import_raw.d.ts", "TypeScript", 5, 0, 0, 0, 0, 0, 0, 0, 0, 0, 57, 5, 67
"k:\AiChat\novel2ST\NovelToST\@types\function\index.d.ts", "TypeScript", 122, 0, 0, 0, 0, 0, 0, 0, 0, 0, 26, 22, 170
"k:\AiChat\novel2ST\NovelToST\@types\function\inject.d.ts", "TypeScript", 14, 0, 0, 0, 0, 0, 0, 0, 0, 0, 27, 6, 47
"k:\AiChat\novel2ST\NovelToST\@types\function\lorebook.d.ts", "TypeScript", 35, 0, 0, 0, 0, 0, 0, 0, 0, 0, 14, 13, 62
"k:\AiChat\novel2ST\NovelToST\@types\function\lorebook_entry.d.ts", "TypeScript", 59, 0, 0, 0, 0, 0, 0, 0, 0, 0, 9, 9, 77
"k:\AiChat\novel2ST\NovelToST\@types\function\macro_like.d.ts", "TypeScript", 12, 0, 0, 0, 0, 0, 0, 0, 0, 0, 22, 4, 38
"k:\AiChat\novel2ST\NovelToST\@types\function\preset.d.ts", "TypeScript", 120, 0, 0, 0, 0, 0, 0, 0, 0, 0, 221, 25, 366
"k:\AiChat\novel2ST\NovelToST\@types\function\raw_character.d.ts", "TypeScript", 53, 0, 0, 0, 0, 0, 0, 0, 0, 0, 67, 13, 133
"k:\AiChat\novel2ST\NovelToST\@types\function\script.d.ts", "TypeScript", 1, 0, 0, 0, 0, 0, 0, 0, 0, 0, 3, 1, 5
"k:\AiChat\novel2ST\NovelToST\@types\function\slash.d.ts", "TypeScript", 1, 0, 0, 0, 0, 0, 0, 0, 0, 0, 28, 1, 30
"k:\AiChat\novel2ST\NovelToST\@types\function\tavern_regex.d.ts", "TypeScript", 49, 0, 0, 0, 0, 0, 0, 0, 0, 0, 60, 14, 123
"k:\AiChat\novel2ST\NovelToST\@types\function\util.d.ts", "TypeScript", 4, 0, 0, 0, 0, 0, 0, 0, 0, 0, 36, 4, 44
"k:\AiChat\novel2ST\NovelToST\@types\function\variables.d.ts", "TypeScript", 39, 0, 0, 0, 0, 0, 0, 0, 0, 0, 159, 9, 207
"k:\AiChat\novel2ST\NovelToST\@types\function\version.d.ts", "TypeScript", 2, 0, 0, 0, 0, 0, 0, 0, 0, 0, 6, 2, 10
"k:\AiChat\novel2ST\NovelToST\@types\function\worldbook.d.ts", "TypeScript", 94, 0, 0, 0, 0, 0, 0, 0, 0, 0, 210, 20, 324
"k:\AiChat\novel2ST\NovelToST\@types\iframe\event.d.ts", "TypeScript", 351, 0, 0, 0, 0, 0, 0, 0, 0, 0, 151, 20, 522
"k:\AiChat\novel2ST\NovelToST\@types\iframe\exported.ejstemplate.d.ts", "TypeScript", 33, 0, 0, 0, 0, 0, 0, 0, 0, 0, 80, 12, 125
"k:\AiChat\novel2ST\NovelToST\@types\iframe\exported.mvu.d.ts", "TypeScript", 62, 0, 0, 0, 0, 0, 0, 0, 0, 0, 110, 18, 190
"k:\AiChat\novel2ST\NovelToST\@types\iframe\exported.sillytavern.d.ts", "TypeScript", 481, 0, 0, 0, 0, 0, 0, 0, 0, 0, 192, 25, 698
"k:\AiChat\novel2ST\NovelToST\@types\iframe\exported.tavernhelper.d.ts", "TypeScript", 1, 0, 0, 0, 0, 0, 0, 0, 0, 0, 4, 1, 6
"k:\AiChat\novel2ST\NovelToST\@types\iframe\script.d.ts", "TypeScript", 15, 0, 0, 0, 0, 0, 0, 0, 0, 0, 70, 10, 95
"k:\AiChat\novel2ST\NovelToST\@types\iframe\util.d.ts", "TypeScript", 4, 0, 0, 0, 0, 0, 0, 0, 0, 0, 48, 4, 56
"k:\AiChat\novel2ST\NovelToST\@types\iframe\variables.d.ts", "TypeScript", 1, 0, 0, 0, 0, 0, 0, 0, 0, 0, 8, 1, 10
"k:\AiChat\novel2ST\NovelToST\AGENTS.md", "Markdown", 0, 1, 0, 0, 0, 0, 0, 0, 0, 0, 0, 0, 1
"k:\AiChat\novel2ST\NovelToST\CLAUDE.md", "Markdown", 0, 9, 0, 0, 0, 0, 0, 0, 0, 0, 0, 2, 11
"k:\AiChat\novel2ST\NovelToST\GEMINI.md", "Markdown", 0, 1, 0, 0, 0, 0, 0, 0, 0, 0, 0, 0, 1
"k:\AiChat\novel2ST\NovelToST\README.md", "Markdown", 0, 81, 0, 0, 0, 0, 0, 0, 0, 0, 0, 52, 133
"k:\AiChat\novel2ST\NovelToST\auto-imports.zod.d.ts", "TypeScript", 5, 0, 0, 0, 0, 0, 0, 0, 0, 0, 8, 2, 15
"k:\AiChat\novel2ST\NovelToST\dist\前端界面示例\index.html", "HTML", 0, 0, 0, 0, 0, 0, 0, 0, 136, 0, 0, 8, 144
"k:\AiChat\novel2ST\NovelToST\dist\流式楼层界面示例\index.js", "JavaScript", 0, 0, 0, 249, 0, 0, 0, 0, 0, 0, 0, 13, 262
"k:\AiChat\novel2ST\NovelToST\dist\脚本示例\index.js", "JavaScript", 0, 0, 0, 122, 0, 0, 0, 0, 0, 0, 0, 10, 132
"k:\AiChat\novel2ST\NovelToST\dist\角色卡示例\界面\状态栏\index.html", "HTML", 0, 0, 0, 0, 0, 0, 0, 0, 254, 0, 0, 11, 265
"k:\AiChat\novel2ST\NovelToST\dist\角色卡示例\脚本\MVU\index.js", "JavaScript", 0, 0, 0, 39, 0, 0, 0, 0, 0, 0, 0, 5, 44
"k:\AiChat\novel2ST\NovelToST\dist\角色卡示例\脚本\变量结构\index.js", "JavaScript", 0, 0, 0, 69, 0, 0, 0, 0, 0, 0, 0, 8, 77
"k:\AiChat\novel2ST\NovelToST\dist\角色卡示例\脚本\立即事件\index.js", "JavaScript", 0, 0, 0, 7, 0, 0, 0, 0, 0, 0, 0, 2, 9
"k:\AiChat\novel2ST\NovelToST\docs\CI-CD规划.md", "Markdown", 0, 54, 0, 0, 0, 0, 0, 0, 0, 0, 0, 33, 87
"k:\AiChat\novel2ST\NovelToST\docs\Ignore策略.md", "Markdown", 0, 71, 0, 0, 0, 0, 0, 0, 0, 0, 0, 37, 108
"k:\AiChat\novel2ST\NovelToST\docs\README.md", "Markdown", 0, 20, 0, 0, 0, 0, 0, 0, 0, 0, 0, 9, 29
"k:\AiChat\novel2ST\NovelToST\docs\design\v1.3.1.md", "Markdown", 0, 59, 0, 0, 0, 0, 0, 0, 0, 0, 0, 25, 84
"k:\AiChat\novel2ST\NovelToST\docs\design\v1.3.md", "Markdown", 0, 293, 0, 0, 0, 0, 0, 0, 0, 0, 0, 99, 392
"k:\AiChat\novel2ST\NovelToST\docs\design\v1.md", "Markdown", 0, 253, 0, 0, 0, 0, 0, 0, 0, 0, 0, 85, 338
"k:\AiChat\novel2ST\NovelToST\docs\design\v2.md", "Markdown", 0, 178, 0, 0, 0, 0, 0, 0, 0, 0, 0, 76, 254
"k:\AiChat\novel2ST\NovelToST\docs\design\v3.1.md", "Markdown", 0, 416, 0, 0, 0, 0, 0, 0, 0, 0, 0, 208, 624
"k:\AiChat\novel2ST\NovelToST\docs\design\v3.md", "Markdown", 0, 505, 0, 0, 0, 0, 0, 0, 0, 0, 0, 180, 685
"k:\AiChat\novel2ST\NovelToST\docs\仓库历史清理.md", "Markdown", 0, 46, 0, 0, 0, 0, 0, 0, 0, 0, 0, 28, 74
"k:\AiChat\novel2ST\NovelToST\docs\协作规范.md", "Markdown", 0, 56, 0, 0, 0, 0, 0, 0, 0, 0, 0, 26, 82
"k:\AiChat\novel2ST\NovelToST\docs\对齐报告.md", "Markdown", 0, 177, 0, 0, 0, 0, 0, 0, 0, 0, 0, 55, 232
"k:\AiChat\novel2ST\NovelToST\docs\测试规范.md", "Markdown", 0, 175, 0, 0, 0, 0, 0, 0, 0, 0, 0, 85, 260
"k:\AiChat\novel2ST\NovelToST\dump_schema.ts", "TypeScript", 25, 0, 0, 0, 0, 0, 0, 0, 0, 0, 2, 2, 29
"k:\AiChat\novel2ST\NovelToST\eslint.config.mjs", "JavaScript", 0, 0, 0, 91, 0, 0, 0, 0, 0, 0, 1, 2, 94
"k:\AiChat\novel2ST\NovelToST\global.d.ts", "TypeScript", 35, 0, 0, 0, 0, 0, 0, 0, 0, 0, 0, 4, 39
"k:\AiChat\novel2ST\NovelToST\package.json", "JSON", 0, 0, 0, 0, 128, 0, 0, 0, 0, 0, 0, 1, 129
"k:\AiChat\novel2ST\NovelToST\pnpm-lock.yaml", "YAML", 0, 0, 0, 0, 0, 0, 7490, 0, 0, 0, 0, 2099, 9589
"k:\AiChat\novel2ST\NovelToST\postcss.config.js", "JavaScript", 0, 0, 0, 4, 0, 0, 0, 0, 0, 0, 1, 2, 7
"k:\AiChat\novel2ST\NovelToST\src\novelToST\app\bootstrap.ts", "TypeScript", 83, 0, 0, 0, 0, 0, 0, 0, 0, 0, 0, 20, 103
"k:\AiChat\novel2ST\NovelToST\src\novelToST\app\mount-extension-entry.ts", "TypeScript", 108, 0, 0, 0, 0, 0, 0, 0, 0, 0, 1, 27, 136
"k:\AiChat\novel2ST\NovelToST\src\novelToST\app\mount-target.resolver.ts", "TypeScript", 29, 0, 0, 0, 0, 0, 0, 0, 0, 0, 0, 8, 37
"k:\AiChat\novel2ST\NovelToST\src\novelToST\app\mount-workbench.ts", "TypeScript", 237, 0, 0, 0, 0, 0, 0, 0, 0, 0, 0, 53, 290
"k:\AiChat\novel2ST\NovelToST\src\novelToST\app\runtime.ts", "TypeScript", 48, 0, 0, 0, 0, 0, 0, 0, 0, 0, 0, 16, 64
"k:\AiChat\novel2ST\NovelToST\src\novelToST\app\workbench.events.ts", "TypeScript", 21, 0, 0, 0, 0, 0, 0, 0, 0, 0, 0, 6, 27
"k:\AiChat\novel2ST\NovelToST\src\novelToST\commands\buttons.ts", "TypeScript", 45, 0, 0, 0, 0, 0, 0, 0, 0, 0, 0, 5, 50
"k:\AiChat\novel2ST\NovelToST\src\novelToST\commands\debug.ts", "TypeScript", 292, 0, 0, 0, 0, 0, 0, 0, 0, 0, 1, 40, 333
"k:\AiChat\novel2ST\NovelToST\src\novelToST\composables\shared\useMentionPayloadResolver.ts", "TypeScript", 101, 0, 0, 0, 0, 0, 0, 0, 0, 0, 0, 21, 122
"k:\AiChat\novel2ST\NovelToST\src\novelToST\composables\useFoundationControl.ts", "TypeScript", 165, 0, 0, 0, 0, 0, 0, 0, 0, 0, 0, 35, 200
"k:\AiChat\novel2ST\NovelToST\src\novelToST\composables\useFoundationPersistence.ts", "TypeScript", 129, 0, 0, 0, 0, 0, 0, 0, 0, 0, 0, 28, 157
"k:\AiChat\novel2ST\NovelToST\src\novelToST\composables\useGenerationControl.ts", "TypeScript", 141, 0, 0, 0, 0, 0, 0, 0, 0, 0, 0, 22, 163
"k:\AiChat\novel2ST\NovelToST\src\novelToST\composables\useLLMConfigControl.ts", "TypeScript", 269, 0, 0, 0, 0, 0, 0, 0, 0, 0, 0, 60, 329
"k:\AiChat\novel2ST\NovelToST\src\novelToST\composables\useOutlineControl.ts", "TypeScript", 523, 0, 0, 0, 0, 0, 0, 0, 0, 0, 0, 97, 620
"k:\AiChat\novel2ST\NovelToST\src\novelToST\composables\useOutlinePersistence.ts", "TypeScript", 87, 0, 0, 0, 0, 0, 0, 0, 0, 0, 0, 21, 108
"k:\AiChat\novel2ST\NovelToST\src\novelToST\composables\usePanelLifecycle.ts", "TypeScript", 26, 0, 0, 0, 0, 0, 0, 0, 0, 0, 0, 8, 34
"k:\AiChat\novel2ST\NovelToST\src\novelToST\composables\useScriptPersistence.ts", "TypeScript", 46, 0, 0, 0, 0, 0, 0, 0, 0, 0, 0, 7, 53
"k:\AiChat\novel2ST\NovelToST\src\novelToST\composables\useWorldbookControl.ts", "TypeScript", 1088, 0, 0, 0, 0, 0, 0, 0, 0, 0, 7, 160, 1255
"k:\AiChat\novel2ST\NovelToST\src\novelToST\composables\useWorldbuildingControl.ts", "TypeScript", 507, 0, 0, 0, 0, 0, 0, 0, 0, 0, 0, 86, 593
"k:\AiChat\novel2ST\NovelToST\src\novelToST\composables\useWorldbuildingPersistence.ts", "TypeScript", 87, 0, 0, 0, 0, 0, 0, 0, 0, 0, 0, 21, 108
"k:\AiChat\novel2ST\NovelToST\src\novelToST\core\export.service.ts", "TypeScript", 66, 0, 0, 0, 0, 0, 0, 0, 0, 0, 0, 15, 81
"k:\AiChat\novel2ST\NovelToST\src\novelToST\core\extract.service.ts", "TypeScript", 106, 0, 0, 0, 0, 0, 0, 0, 0, 0, 1, 24, 131
"k:\AiChat\novel2ST\NovelToST\src\novelToST\core\foundation-ai.service.ts", "TypeScript", 802, 0, 0, 0, 0, 0, 0, 0, 0, 0, 0, 164, 966
"k:\AiChat\novel2ST\NovelToST\src\novelToST\core\foundation-legacy.service.ts", "TypeScript", 194, 0, 0, 0, 0, 0, 0, 0, 0, 0, 0, 43, 237
"k:\AiChat\novel2ST\NovelToST\src\novelToST\core\foundation-prompt.service.ts", "TypeScript", 251, 0, 0, 0, 0, 0, 0, 0, 0, 0, 0, 35, 286
"k:\AiChat\novel2ST\NovelToST\src\novelToST\core\generation.service.ts", "TypeScript", 172, 0, 0, 0, 0, 0, 0, 0, 0, 0, 0, 38, 210
"k:\AiChat\novel2ST\NovelToST\src\novelToST\core\guard.service.ts", "TypeScript", 92, 0, 0, 0, 0, 0, 0, 0, 0, 0, 0, 20, 112
"k:\AiChat\novel2ST\NovelToST\src\novelToST\core\llm-api.service.ts", "TypeScript", 585, 0, 0, 0, 0, 0, 0, 0, 0, 0, 0, 104, 689
"k:\AiChat\novel2ST\NovelToST\src\novelToST\core\llm-preset.service.ts", "TypeScript", 114, 0, 0, 0, 0, 0, 0, 0, 0, 0, 0, 22, 136
"k:\AiChat\novel2ST\NovelToST\src\novelToST\core\outline-ai.service.ts", "TypeScript", 12, 0, 0, 0, 0, 0, 0, 0, 0, 0, 0, 1, 13
"k:\AiChat\novel2ST\NovelToST\src\novelToST\core\outline-ai\detail-commands.ts", "TypeScript", 525, 0, 0, 0, 0, 0, 0, 0, 0, 0, 0, 89, 614
"k:\AiChat\novel2ST\NovelToST\src\novelToST\core\outline-ai\foundation-commands.ts", "TypeScript", 277, 0, 0, 0, 0, 0, 0, 0, 0, 0, 0, 44, 321
"k:\AiChat\novel2ST\NovelToST\src\novelToST\core\outline-ai\foundation-compat.ts", "TypeScript", 441, 0, 0, 0, 0, 0, 0, 0, 0, 0, 0, 78, 519
"k:\AiChat\novel2ST\NovelToST\src\novelToST\core\outline-ai\json-payload.ts", "TypeScript", 220, 0, 0, 0, 0, 0, 0, 0, 0, 0, 0, 51, 271
"k:\AiChat\novel2ST\NovelToST\src\novelToST\core\outline-ai\node-commands.ts", "TypeScript", 621, 0, 0, 0, 0, 0, 0, 0, 0, 0, 0, 112, 733
"k:\AiChat\novel2ST\NovelToST\src\novelToST\core\outline-ai\outline-generation.service.ts", "TypeScript", 261, 0, 0, 0, 0, 0, 0, 0, 0, 0, 0, 28, 289
"k:\AiChat\novel2ST\NovelToST\src\novelToST\core\outline-ai\payload-parser.ts", "TypeScript", 147, 0, 0, 0, 0, 0, 0, 0, 0, 0, 0, 16, 163
"k:\AiChat\novel2ST\NovelToST\src\novelToST\core\outline-ai\shared.ts", "TypeScript", 365, 0, 0, 0, 0, 0, 0, 0, 0, 0, 0, 59, 424
"k:\AiChat\novel2ST\NovelToST\src\novelToST\core\outline-ai\storyline-commands.ts", "TypeScript", 377, 0, 0, 0, 0, 0, 0, 0, 0, 0, 0, 68, 445
"k:\AiChat\novel2ST\NovelToST\src\novelToST\core\outline-chat.service.ts", "TypeScript", 541, 0, 0, 0, 0, 0, 0, 0, 0, 0, 0, 68, 609
"k:\AiChat\novel2ST\NovelToST\src\novelToST\core\outline-mention.service.ts", "TypeScript", 914, 0, 0, 0, 0, 0, 0, 0, 0, 0, 0, 158, 1072
"k:\AiChat\novel2ST\NovelToST\src\novelToST\core\outline-node-match.ts", "TypeScript", 114, 0, 0, 0, 0, 0, 0, 0, 0, 0, 0, 28, 142
"k:\AiChat\novel2ST\NovelToST\src\novelToST\core\outline-prompt.service.ts", "TypeScript", 388, 0, 0, 0, 0, 0, 0, 0, 0, 0, 14, 53, 455
"k:\AiChat\novel2ST\NovelToST\src\novelToST\core\worldbook-binding.service.ts", "TypeScript", 48, 0, 0, 0, 0, 0, 0, 0, 0, 0, 0, 14, 62
"k:\AiChat\novel2ST\NovelToST\src\novelToST\core\worldbook-commit.service.ts", "TypeScript", 380, 0, 0, 0, 0, 0, 0, 0, 0, 0, 0, 70, 450
"k:\AiChat\novel2ST\NovelToST\src\novelToST\core\worldbook\api.service.ts", "TypeScript", 888, 0, 0, 0, 0, 0, 0, 0, 0, 0, 0, 137, 1025
"k:\AiChat\novel2ST\NovelToST\src\novelToST\core\worldbook\category.service.ts", "TypeScript", 275, 0, 0, 0, 0, 0, 0, 0, 0, 0, 0, 37, 312
"k:\AiChat\novel2ST\NovelToST\src\novelToST\core\worldbook\chunk.service.ts", "TypeScript", 247, 0, 0, 0, 0, 0, 0, 0, 0, 0, 0, 46, 293
"k:\AiChat\novel2ST\NovelToST\src\novelToST\core\worldbook\entry-config.service.ts", "TypeScript", 387, 0, 0, 0, 0, 0, 0, 0, 0, 0, 0, 88, 475
"k:\AiChat\novel2ST\NovelToST\src\novelToST\core\worldbook\history-db.service.ts", "TypeScript", 858, 0, 0, 0, 0, 0, 0, 0, 0, 0, 0, 175, 1033
"k:\AiChat\novel2ST\NovelToST\src\novelToST\core\worldbook\merge.service.ts", "TypeScript", 725, 0, 0, 0, 0, 0, 0, 0, 0, 0, 1, 164, 890
"k:\AiChat\novel2ST\NovelToST\src\novelToST\core\worldbook\parse.service.ts", "TypeScript", 114, 0, 0, 0, 0, 0, 0, 0, 0, 0, 0, 22, 136
"k:\AiChat\novel2ST\NovelToST\src\novelToST\core\worldbook\process.service.ts", "TypeScript", 522, 0, 0, 0, 0, 0, 0, 0, 0, 0, 1, 94, 617
"k:\AiChat\novel2ST\NovelToST\src\novelToST\core\worldbook\reroll.service.ts", "TypeScript", 337, 0, 0, 0, 0, 0, 0, 0, 0, 0, 0, 68, 405
"k:\AiChat\novel2ST\NovelToST\src\novelToST\core\worldbook\semaphore.ts", "TypeScript", 103, 0, 0, 0, 0, 0, 0, 0, 0, 0, 0, 23, 126
"k:\AiChat\novel2ST\NovelToST\src\novelToST\core\worldbook\st-format.service.ts", "TypeScript", 511, 0, 0, 0, 0, 0, 0, 0, 0, 0, 0, 80, 591
"k:\AiChat\novel2ST\NovelToST\src\novelToST\core\worldbook\task-io.service.ts", "TypeScript", 128, 0, 0, 0, 0, 0, 0, 0, 0, 0, 0, 32, 160
"k:\AiChat\novel2ST\NovelToST\src\novelToST\core\worldbook\token.service.ts", "TypeScript", 23, 0, 0, 0, 0, 0, 0, 0, 0, 0, 0, 7, 30
"k:\AiChat\novel2ST\NovelToST\src\novelToST\core\worldbuilding-ai.service.ts", "TypeScript", 614, 0, 0, 0, 0, 0, 0, 0, 0, 0, 0, 111, 725
"k:\AiChat\novel2ST\NovelToST\src\novelToST\core\worldbuilding-outline-sync.service.ts", "TypeScript", 175, 0, 0, 0, 0, 0, 0, 0, 0, 0, 0, 40, 215
"k:\AiChat\novel2ST\NovelToST\src\novelToST\index.ts", "TypeScript", 88, 0, 0, 0, 0, 0, 0, 0, 0, 0, 19, 14, 121
"k:\AiChat\novel2ST\NovelToST\src\novelToST\stores\export.store.ts", "TypeScript", 31, 0, 0, 0, 0, 0, 0, 0, 0, 0, 0, 7, 38
"k:\AiChat\novel2ST\NovelToST\src\novelToST\stores\foundation.store.ts", "TypeScript", 1, 0, 0, 0, 0, 0, 0, 0, 0, 0, 0, 1, 2
"k:\AiChat\novel2ST\NovelToST\src\novelToST\stores\foundation\foundation.normalize.ts", "TypeScript", 332, 0, 0, 0, 0, 0, 0, 0, 0, 0, 0, 68, 400
"k:\AiChat\novel2ST\NovelToST\src\novelToST\stores\foundation\foundation.schemas.ts", "TypeScript", 156, 0, 0, 0, 0, 0, 0, 0, 0, 0, 0, 18, 174
"k:\AiChat\novel2ST\NovelToST\src\novelToST\stores\foundation\foundation.store.ts", "TypeScript", 404, 0, 0, 0, 0, 0, 0, 0, 0, 0, 0, 54, 458
"k:\AiChat\novel2ST\NovelToST\src\novelToST\stores\generation.store.ts", "TypeScript", 211, 0, 0, 0, 0, 0, 0, 0, 0, 0, 0, 31, 242
"k:\AiChat\novel2ST\NovelToST\src\novelToST\stores\outline.store.ts", "TypeScript", 8, 0, 0, 0, 0, 0, 0, 0, 0, 0, 0, 1, 9
"k:\AiChat\novel2ST\NovelToST\src\novelToST\stores\outline\core\outline.clone.ts", "TypeScript", 169, 0, 0, 0, 0, 0, 0, 0, 0, 0, 0, 19, 188
"k:\AiChat\novel2ST\NovelToST\src\novelToST\stores\outline\core\outline.constants.ts", "TypeScript", 2, 0, 0, 0, 0, 0, 0, 0, 0, 0, 0, 1, 3
"k:\AiChat\novel2ST\NovelToST\src\novelToST\stores\outline\core\outline.domain.ts", "TypeScript", 4, 0, 0, 0, 0, 0, 0, 0, 0, 0, 0, 1, 5
"k:\AiChat\novel2ST\NovelToST\src\novelToST\stores\outline\core\outline.ids.ts", "TypeScript", 25, 0, 0, 0, 0, 0, 0, 0, 0, 0, 0, 5, 30
"k:\AiChat\novel2ST\NovelToST\src\novelToST\stores\outline\core\outline.normalize.ts", "TypeScript", 411, 0, 0, 0, 0, 0, 0, 0, 0, 0, 1, 67, 479
"k:\AiChat\novel2ST\NovelToST\src\novelToST\stores\outline\core\outline.schemas.ts", "TypeScript", 181, 0, 0, 0, 0, 0, 0, 0, 0, 0, 0, 20, 201
"k:\AiChat\novel2ST\NovelToST\src\novelToST\stores\outline\core\outline.state.ts", "TypeScript", 100, 0, 0, 0, 0, 0, 0, 0, 0, 0, 0, 11, 111
"k:\AiChat\novel2ST\NovelToST\src\novelToST\stores\outline\core\outline.time.ts", "TypeScript", 15, 0, 0, 0, 0, 0, 0, 0, 0, 0, 0, 5, 20
"k:\AiChat\novel2ST\NovelToST\src\novelToST\stores\outline\core\outline.types.ts", "TypeScript", 43, 0, 0, 0, 0, 0, 0, 0, 0, 0, 6, 6, 55
"k:\AiChat\novel2ST\NovelToST\src\novelToST\stores\outline\facade\outline.store-facade.ts", "TypeScript", 167, 0, 0, 0, 0, 0, 0, 0, 0, 0, 0, 14, 181
"k:\AiChat\novel2ST\NovelToST\src\novelToST\stores\outline\selectors\outline.selectors.ts", "TypeScript", 60, 0, 0, 0, 0, 0, 0, 0, 0, 0, 0, 10, 70
"k:\AiChat\novel2ST\NovelToST\src\novelToST\stores\outline\slices\chapter-detail.slice.ts", "TypeScript", 85, 0, 0, 0, 0, 0, 0, 0, 0, 0, 0, 13, 98
"k:\AiChat\novel2ST\NovelToST\src\novelToST\stores\outline\slices\config.slice.ts", "TypeScript", 46, 0, 0, 0, 0, 0, 0, 0, 0, 0, 0, 8, 54
"k:\AiChat\novel2ST\NovelToST\src\novelToST\stores\outline\slices\context.ts", "TypeScript", 22, 0, 0, 0, 0, 0, 0, 0, 0, 0, 0, 2, 24
"k:\AiChat\novel2ST\NovelToST\src\novelToST\stores\outline\slices\master-outline.slice.ts", "TypeScript", 81, 0, 0, 0, 0, 0, 0, 0, 0, 0, 0, 17, 98
"k:\AiChat\novel2ST\NovelToST\src\novelToST\stores\outline\slices\session.slice.ts", "TypeScript", 295, 0, 0, 0, 0, 0, 0, 0, 0, 0, 0, 57, 352
"k:\AiChat\novel2ST\NovelToST\src\novelToST\stores\outline\slices\storyline.slice.ts", "TypeScript", 72, 0, 0, 0, 0, 0, 0, 0, 0, 0, 0, 15, 87
"k:\AiChat\novel2ST\NovelToST\src\novelToST\stores\settings.store.ts", "TypeScript", 216, 0, 0, 0, 0, 0, 0, 0, 0, 0, 0, 28, 244
"k:\AiChat\novel2ST\NovelToST\src\novelToST\stores\ui.store.ts", "TypeScript", 57, 0, 0, 0, 0, 0, 0, 0, 0, 0, 0, 14, 71
"k:\AiChat\novel2ST\NovelToST\src\novelToST\stores\workbench.store.ts", "TypeScript", 88, 0, 0, 0, 0, 0, 0, 0, 0, 0, 0, 21, 109
"k:\AiChat\novel2ST\NovelToST\src\novelToST\stores\worldbook.store.ts", "TypeScript", 334, 0, 0, 0, 0, 0, 0, 0, 0, 0, 0, 43, 377
"k:\AiChat\novel2ST\NovelToST\src\novelToST\stores\worldbuilding.store.ts", "TypeScript", 857, 0, 0, 0, 0, 0, 0, 0, 0, 0, 0, 180, 1037
"k:\AiChat\novel2ST\NovelToST\src\novelToST\types.ts", "TypeScript", 119, 0, 0, 0, 0, 0, 0, 0, 0, 0, 0, 18, 137
"k:\AiChat\novel2ST\NovelToST\src\novelToST\types\foundation.ts", "TypeScript", 148, 0, 0, 0, 0, 0, 0, 0, 0, 0, 0, 20, 168
"k:\AiChat\novel2ST\NovelToST\src\novelToST\types\host-env-ignore.d.ts", "TypeScript", 132, 0, 0, 0, 0, 0, 0, 0, 0, 0, 7, 41, 180
"k:\AiChat\novel2ST\NovelToST\src\novelToST\types\outline.ts", "TypeScript", 151, 0, 0, 0, 0, 0, 0, 0, 0, 0, 8, 30, 189
"k:\AiChat\novel2ST\NovelToST\src\novelToST\types\worldbook.ts", "TypeScript", 190, 0, 0, 0, 0, 0, 0, 0, 0, 0, 0, 28, 218
"k:\AiChat\novel2ST\NovelToST\src\novelToST\types\worldbuilding.ts", "TypeScript", 72, 0, 0, 0, 0, 0, 0, 0, 0, 0, 0, 14, 86
"k:\AiChat\novel2ST\NovelToST\src\novelToST\ui\App.vue", "vue", 0, 0, 0, 0, 0, 0, 0, 0, 0, 276, 6, 47, 329
"k:\AiChat\novel2ST\NovelToST\src\novelToST\ui\ExtensionEntryApp.vue", "vue", 0, 0, 0, 0, 0, 0, 0, 0, 0, 56, 0, 10, 66
"k:\AiChat\novel2ST\NovelToST\src\novelToST\ui\base\BaseButton.vue", "vue", 0, 0, 0, 0, 0, 0, 0, 0, 0, 49, 0, 5, 54
"k:\AiChat\novel2ST\NovelToST\src\novelToST\ui\base\BaseCard.vue", "vue", 0, 0, 0, 0, 0, 0, 0, 0, 0, 89, 2, 15, 106
"k:\AiChat\novel2ST\NovelToST\src\novelToST\ui\base\BaseCheckbox.vue", "vue", 0, 0, 0, 0, 0, 0, 0, 0, 0, 46, 0, 4, 50
"k:\AiChat\novel2ST\NovelToST\src\novelToST\ui\base\BaseDropdownSelect.vue", "vue", 0, 0, 0, 0, 0, 0, 0, 0, 0, 211, 0, 40, 251
"k:\AiChat\novel2ST\NovelToST\src\novelToST\ui\base\BaseInput.vue", "vue", 0, 0, 0, 0, 0, 0, 0, 0, 0, 52, 0, 5, 57
"k:\AiChat\novel2ST\NovelToST\src\novelToST\ui\base\BaseSegmentedSelect.vue", "vue", 0, 0, 0, 0, 0, 0, 0, 0, 0, 104, 0, 18, 122
"k:\AiChat\novel2ST\NovelToST\src\novelToST\ui\base\BaseSelect.vue", "vue", 0, 0, 0, 0, 0, 0, 0, 0, 0, 112, 0, 15, 127
"k:\AiChat\novel2ST\NovelToST\src\novelToST\ui\base\BaseTextarea.vue", "vue", 0, 0, 0, 0, 0, 0, 0, 0, 0, 45, 0, 5, 50
"k:\AiChat\novel2ST\NovelToST\src\novelToST\ui\components\ConfirmStopModal.vue", "vue", 0, 0, 0, 0, 0, 0, 0, 0, 0, 46, 0, 5, 51
"k:\AiChat\novel2ST\NovelToST\src\novelToST\ui\components\ControlToolbar.vue", "vue", 0, 0, 0, 0, 0, 0, 0, 0, 0, 64, 0, 4, 68
"k:\AiChat\novel2ST\NovelToST\src\novelToST\ui\components\ExportPanel.vue", "vue", 0, 0, 0, 0, 0, 0, 0, 0, 0, 88, 0, 11, 99
"k:\AiChat\novel2ST\NovelToST\src\novelToST\ui\components\GenerationForm.vue", "vue", 0, 0, 0, 0, 0, 0, 0, 0, 0, 181, 0, 13, 194
"k:\AiChat\novel2ST\NovelToST\src\novelToST\ui\components\HelpPanel.vue", "vue", 0, 0, 0, 0, 0, 0, 0, 0, 0, 78, 0, 10, 88
"k:\AiChat\novel2ST\NovelToST\src\novelToST\ui\components\StatusBar.vue", "vue", 0, 0, 0, 0, 0, 0, 0, 0, 0, 155, 0, 19, 174
"k:\AiChat\novel2ST\NovelToST\src\novelToST\ui\components\TagExtractPanel.vue", "vue", 0, 0, 0, 0, 0, 0, 0, 0, 0, 94, 0, 13, 107
"k:\AiChat\novel2ST\NovelToST\src\novelToST\ui\components\help\HelpModal.vue", "vue", 0, 0, 0, 0, 0, 0, 0, 0, 0, 81, 0, 11, 92
"k:\AiChat\novel2ST\NovelToST\src\novelToST\ui\components\help\HelpTriggerButton.vue", "vue", 0, 0, 0, 0, 0, 0, 0, 0, 0, 27, 0, 4, 31
"k:\AiChat\novel2ST\NovelToST\src\novelToST\ui\components\worldbook\HistoryModal.vue", "vue", 0, 0, 0, 0, 0, 0, 0, 0, 0, 117, 0, 18, 135
"k:\AiChat\novel2ST\NovelToST\src\novelToST\ui\components\worldbook\ImportMergeModal.vue", "vue", 0, 0, 0, 0, 0, 0, 0, 0, 0, 300, 0, 38, 338
"k:\AiChat\novel2ST\NovelToST\src\novelToST\ui\components\worldbook\MemoryQueuePanel.vue", "vue", 0, 0, 0, 0, 0, 0, 0, 0, 0, 164, 4, 17, 185
"k:\AiChat\novel2ST\NovelToST\src\novelToST\ui\components\worldbook\RerollModal.vue", "vue", 0, 0, 0, 0, 0, 0, 0, 0, 0, 54, 0, 7, 61
"k:\AiChat\novel2ST\NovelToST\src\novelToST\ui\components\worldbook\SearchReplaceModal.vue", "vue", 0, 0, 0, 0, 0, 0, 0, 0, 0, 98, 0, 16, 114
"k:\AiChat\novel2ST\NovelToST\src\novelToST\ui\components\worldbook\WorldbookPanel.vue", "vue", 0, 0, 0, 0, 0, 0, 0, 0, 0, 345, 9, 49, 403
"k:\AiChat\novel2ST\NovelToST\src\novelToST\ui\components\worldbook\WorldbookResultPanel.vue", "vue", 0, 0, 0, 0, 0, 0, 0, 0, 0, 215, 4, 31, 250
"k:\AiChat\novel2ST\NovelToST\src\novelToST\ui\components\worldbook\WorldbookSettingsPanel.vue", "vue", 0, 0, 0, 0, 0, 0, 0, 0, 0, 227, 6, 20, 253
"k:\AiChat\novel2ST\NovelToST\src\novelToST\ui\extension\ExtensionAdvancedSettings.vue", "vue", 0, 0, 0, 0, 0, 0, 0, 0, 0, 90, 0, 8, 98
"k:\AiChat\novel2ST\NovelToST\src\novelToST\ui\help\help-topics.ts", "TypeScript", 315, 0, 0, 0, 0, 0, 0, 0, 0, 0, 0, 5, 320
"k:\AiChat\novel2ST\NovelToST\src\novelToST\ui\workbench\FoundationPanel.vue", "vue", 0, 0, 0, 0, 0, 0, 0, 0, 0, 630, 0, 83, 713
"k:\AiChat\novel2ST\NovelToST\src\novelToST\ui\workbench\LLMConfigPanel.vue", "vue", 0, 0, 0, 0, 0, 0, 0, 0, 0, 356, 9, 49, 414
"k:\AiChat\novel2ST\NovelToST\src\novelToST\ui\workbench\WorkbenchRoot.vue", "vue", 0, 0, 0, 0, 0, 0, 0, 0, 0, 329, 0, 56, 385
"k:\AiChat\novel2ST\NovelToST\src\novelToST\ui\workbench\WorldbuildingPanel.vue", "vue", 0, 0, 0, 0, 0, 0, 0, 0, 0, 686, 0, 105, 791
"k:\AiChat\novel2ST\NovelToST\src\novelToST\ui\workbench\WritingDetailPanel.vue", "vue", 0, 0, 0, 0, 0, 0, 0, 0, 0, 204, 0, 34, 238
"k:\AiChat\novel2ST\NovelToST\src\novelToST\ui\workbench\WritingOutlinePanel.vue", "vue", 0, 0, 0, 0, 0, 0, 0, 0, 0, 652, 6, 102, 760
"k:\AiChat\novel2ST\NovelToST\src\novelToST\ui\workbench\composables\useStepCollapse.ts", "TypeScript", 23, 0, 0, 0, 0, 0, 0, 0, 0, 0, 0, 7, 30
"k:\AiChat\novel2ST\NovelToST\src\novelToST\ui\workbench\composables\useWorkbenchMentionInput.ts", "TypeScript", 304, 0, 0, 0, 0, 0, 0, 0, 0, 0, 0, 55, 359
"k:\AiChat\novel2ST\NovelToST\src\novelToST\ui\workbench\foundation-panel\FoundationChatStep.vue", "vue", 0, 0, 0, 0, 0, 0, 0, 0, 0, 220, 0, 32, 252
"k:\AiChat\novel2ST\NovelToST\src\novelToST\ui\workbench\foundation-panel\FoundationExtensionEditor.vue", "vue", 0, 0, 0, 0, 0, 0, 0, 0, 0, 124, 0, 18, 142
"k:\AiChat\novel2ST\NovelToST\src\novelToST\ui\workbench\foundation-panel\FoundationModulePanel.vue", "vue", 0, 0, 0, 0, 0, 0, 0, 0, 0, 219, 0, 36, 255
"k:\AiChat\novel2ST\NovelToST\src\novelToST\ui\workbench\foundation-panel\FoundationProgressBar.vue", "vue", 0, 0, 0, 0, 0, 0, 0, 0, 0, 116, 0, 22, 138
"k:\AiChat\novel2ST\NovelToST\src\novelToST\ui\workbench\outline-panel\OutlineChatStep.vue", "vue", 0, 0, 0, 0, 0, 0, 0, 0, 0, 286, 0, 36, 322
"k:\AiChat\novel2ST\NovelToST\src\novelToST\ui\workbench\outline-panel\OutlineCompatToolsBlock.vue", "vue", 0, 0, 0, 0, 0, 0, 0, 0, 0, 40, 0, 7, 47
"k:\AiChat\novel2ST\NovelToST\src\novelToST\ui\workbench\outline-panel\OutlineMessagePreviewModal.vue", "vue", 0, 0, 0, 0, 0, 0, 0, 0, 0, 106, 0, 16, 122
"k:\AiChat\novel2ST\NovelToST\src\novelToST\ui\workbench\outline-panel\OutlineNodeEditorStep.vue", "vue", 0, 0, 0, 0, 0, 0, 0, 0, 0, 319, 0, 33, 352
"k:\AiChat\novel2ST\NovelToST\src\novelToST\ui\workbench\outline-panel\OutlineSessionSidebar.vue", "vue", 0, 0, 0, 0, 0, 0, 0, 0, 0, 72, 0, 12, 84
"k:\AiChat\novel2ST\NovelToST\src\novelToST\ui\workbench\outline-panel\OutlineSnapshotStep.vue", "vue", 0, 0, 0, 0, 0, 0, 0, 0, 0, 126, 0, 11, 137
"k:\AiChat\novel2ST\NovelToST\src\novelToST\ui\workbench\outline-panel\OutlineSnapshotStructuredModal.vue", "vue", 0, 0, 0, 0, 0, 0, 0, 0, 0, 133, 0, 15, 148
"k:\AiChat\novel2ST\NovelToST\src\novelToST\ui\workbench\shared\mention-kind-label.ts", "TypeScript", 16, 0, 0, 0, 0, 0, 0, 0, 0, 0, 0, 6, 22
"k:\AiChat\novel2ST\NovelToST\src\novelToST\ui\workbench\shared\mention-source-filter.ts", "TypeScript", 13, 0, 0, 0, 0, 0, 0, 0, 0, 0, 0, 4, 17
"k:\AiChat\novel2ST\NovelToST\src\novelToST\ui\workbench\worldbuilding-panel\WorldbuildingBindingCommitStep.vue", "vue", 0, 0, 0, 0, 0, 0, 0, 0, 0, 338, 0, 39, 377
"k:\AiChat\novel2ST\NovelToST\src\novelToST\ui\workbench\worldbuilding-panel\WorldbuildingCollaborationStep.vue", "vue", 0, 0, 0, 0, 0, 0, 0, 0, 0, 359, 0, 41, 400
"k:\AiChat\novel2ST\NovelToST\src\novelToST\ui\workbench\worldbuilding-panel\WorldbuildingCommitConfirmModal.vue", "vue", 0, 0, 0, 0, 0, 0, 0, 0, 0, 68, 0, 5, 73
"k:\AiChat\novel2ST\NovelToST\src\novelToST\ui\workbench\worldbuilding-panel\WorldbuildingDraftLockStep.vue", "vue", 0, 0, 0, 0, 0, 0, 0, 0, 0, 158, 0, 24, 182
"k:\AiChat\novel2ST\NovelToST\src\novelToST\ui\workbench\worldbuilding-panel\WorldbuildingRemoveSessionConfirmModal.vue", "vue", 0, 0, 0, 0, 0, 0, 0, 0, 0, 50, 0, 5, 55
"k:\AiChat\novel2ST\NovelToST\src\novelToST\ui\workbench\worldbuilding-panel\WorldbuildingSessionInfoPanel.vue", "vue", 0, 0, 0, 0, 0, 0, 0, 0, 0, 168, 0, 18, 186
"k:\AiChat\novel2ST\NovelToST\src\novelToST\ui\workbench\worldbuilding-panel\WorldbuildingSessionStep.vue", "vue", 0, 0, 0, 0, 0, 0, 0, 0, 0, 168, 0, 17, 185
"k:\AiChat\novel2ST\NovelToST\tailwind.css", "PostCSS", 0, 0, 0, 0, 0, 0, 0, 1, 0, 0, 1, 1, 3
"k:\AiChat\novel2ST\NovelToST\tavern_sync.mjs", "JavaScript", 0, 0, 0, 46305, 0, 0, 0, 0, 0, 0, 18031, 4249, 68585
"k:\AiChat\novel2ST\NovelToST\tavern_sync.yaml", "YAML", 0, 0, 0, 0, 0, 0, 7, 0, 0, 0, 15, 6, 28
"k:\AiChat\novel2ST\NovelToST\tests\integration\commands\debug.int.spec.ts", "TypeScript", 154, 0, 0, 0, 0, 0, 0, 0, 0, 0, 0, 34, 188
"k:\AiChat\novel2ST\NovelToST\tests\integration\composables\useGenerationControl.int.spec.ts", "TypeScript", 209, 0, 0, 0, 0, 0, 0, 0, 0, 0, 0, 52, 261
"k:\AiChat\novel2ST\NovelToST\tests\integration\core\generation+outline.int.spec.ts", "TypeScript", 137, 0, 0, 0, 0, 0, 0, 0, 0, 0, 0, 27, 164
"k:\AiChat\novel2ST\NovelToST\tests\integration\core\generation.service.int.spec.ts", "TypeScript", 135, 0, 0, 0, 0, 0, 0, 0, 0, 0, 0, 26, 161
"k:\AiChat\novel2ST\NovelToST\tests\integration\ui\workbench.worldbuilding.int.spec.ts", "TypeScript", 85, 0, 0, 0, 0, 0, 0, 0, 0, 0, 0, 18, 103
"k:\AiChat\novel2ST\NovelToST\tests\setup\st-globals.mock.ts", "TypeScript", 163, 0, 0, 0, 0, 0, 0, 0, 0, 0, 0, 37, 200
"k:\AiChat\novel2ST\NovelToST\tests\setup\vitest.setup.ts", "TypeScript", 15, 0, 0, 0, 0, 0, 0, 0, 0, 0, 0, 4, 19
"k:\AiChat\novel2ST\NovelToST\tests\unit\app\bootstrap.spec.ts", "TypeScript", 106, 0, 0, 0, 0, 0, 0, 0, 0, 0, 0, 32, 138
"k:\AiChat\novel2ST\NovelToST\tests\unit\app\mount-target.resolver.spec.ts", "TypeScript", 35, 0, 0, 0, 0, 0, 0, 0, 0, 0, 0, 9, 44
"k:\AiChat\novel2ST\NovelToST\tests\unit\app\runtime.spec.ts", "TypeScript", 99, 0, 0, 0, 0, 0, 0, 0, 0, 0, 0, 26, 125
"k:\AiChat\novel2ST\NovelToST\tests\unit\commands\buttons.spec.ts", "TypeScript", 51, 0, 0, 0, 0, 0, 0, 0, 0, 0, 0, 10, 61
"k:\AiChat\novel2ST\NovelToST\tests\unit\composables\useFoundationControl.spec.ts", "TypeScript", 107, 0, 0, 0, 0, 0, 0, 0, 0, 0, 0, 28, 135
"k:\AiChat\novel2ST\NovelToST\tests\unit\composables\useFoundationPersistence.spec.ts", "TypeScript", 204, 0, 0, 0, 0, 0, 0, 0, 0, 0, 0, 34, 238
"k:\AiChat\novel2ST\NovelToST\tests\unit\composables\useOutlineControl.spec.ts", "TypeScript", 291, 0, 0, 0, 0, 0, 0, 0, 0, 0, 0, 62, 353
"k:\AiChat\novel2ST\NovelToST\tests\unit\composables\useOutlinePersistence.spec.ts", "TypeScript", 125, 0, 0, 0, 0, 0, 0, 0, 0, 0, 0, 24, 149
"k:\AiChat\novel2ST\NovelToST\tests\unit\composables\usePanelLifecycle.spec.ts", "TypeScript", 48, 0, 0, 0, 0, 0, 0, 0, 0, 0, 0, 18, 66
"k:\AiChat\novel2ST\NovelToST\tests\unit\composables\useScriptPersistence.spec.ts", "TypeScript", 62, 0, 0, 0, 0, 0, 0, 0, 0, 0, 0, 22, 84
"k:\AiChat\novel2ST\NovelToST\tests\unit\composables\useWorldbookControl.spec.ts", "TypeScript", 490, 0, 0, 0, 0, 0, 0, 0, 0, 0, 0, 68, 558
"k:\AiChat\novel2ST\NovelToST\tests\unit\composables\useWorldbuildingControl.spec.ts", "TypeScript", 130, 0, 0, 0, 0, 0, 0, 0, 0, 0, 0, 27, 157
"k:\AiChat\novel2ST\NovelToST\tests\unit\composables\useWorldbuildingPersistence.spec.ts", "TypeScript", 141, 0, 0, 0, 0, 0, 0, 0, 0, 0, 0, 24, 165
"k:\AiChat\novel2ST\NovelToST\tests\unit\core\export.service.spec.ts", "TypeScript", 76, 0, 0, 0, 0, 0, 0, 0, 0, 0, 0, 15, 91
"k:\AiChat\novel2ST\NovelToST\tests\unit\core\extract.collection.spec.ts", "TypeScript", 120, 0, 0, 0, 0, 0, 0, 0, 0, 0, 0, 22, 142
"k:\AiChat\novel2ST\NovelToST\tests\unit\core\extract.service.spec.ts", "TypeScript", 27, 0, 0, 0, 0, 0, 0, 0, 0, 0, 0, 6, 33
"k:\AiChat\novel2ST\NovelToST\tests\unit\core\foundation-ai.service.spec.ts", "TypeScript", 216, 0, 0, 0, 0, 0, 0, 0, 0, 0, 0, 23, 239
"k:\AiChat\novel2ST\NovelToST\tests\unit\core\foundation-prompt.service.spec.ts", "TypeScript", 181, 0, 0, 0, 0, 0, 0, 0, 0, 0, 0, 15, 196
"k:\AiChat\novel2ST\NovelToST\tests\unit\core\guard.service.spec.ts", "TypeScript", 47, 0, 0, 0, 0, 0, 0, 0, 0, 0, 0, 13, 60
"k:\AiChat\novel2ST\NovelToST\tests\unit\core\guard.toast.spec.ts", "TypeScript", 69, 0, 0, 0, 0, 0, 0, 0, 0, 0, 0, 21, 90
"k:\AiChat\novel2ST\NovelToST\tests\unit\core\llm-api.service.spec.ts", "TypeScript", 209, 0, 0, 0, 0, 0, 0, 0, 0, 0, 0, 40, 249
"k:\AiChat\novel2ST\NovelToST\tests\unit\core\llm-preset.service.spec.ts", "TypeScript", 117, 0, 0, 0, 0, 0, 0, 0, 0, 0, 0, 12, 129
"k:\AiChat\novel2ST\NovelToST\tests\unit\core\outline-ai.service.spec.ts", "TypeScript", 505, 0, 0, 0, 0, 0, 0, 0, 0, 0, 0, 41, 546
"k:\AiChat\novel2ST\NovelToST\tests\unit\core\outline-chat.service.spec.ts", "TypeScript", 688, 0, 0, 0, 0, 0, 0, 0, 0, 0, 0, 110, 798
"k:\AiChat\novel2ST\NovelToST\tests\unit\core\outline-mention.service.spec.ts", "TypeScript", 308, 0, 0, 0, 0, 0, 0, 0, 0, 0, 0, 36, 344
"k:\AiChat\novel2ST\NovelToST\tests\unit\core\outline-node-match.spec.ts", "TypeScript", 47, 0, 0, 0, 0, 0, 0, 0, 0, 0, 0, 13, 60
"k:\AiChat\novel2ST\NovelToST\tests\unit\core\outline-prompt.service.spec.ts", "TypeScript", 276, 0, 0, 0, 0, 0, 0, 0, 0, 0, 0, 23, 299
"k:\AiChat\novel2ST\NovelToST\tests\unit\core\worldbook-binding.service.spec.ts", "TypeScript", 42, 0, 0, 0, 0, 0, 0, 0, 0, 0, 0, 12, 54
"k:\AiChat\novel2ST\NovelToST\tests\unit\core\worldbook-commit.service.spec.ts", "TypeScript", 122, 0, 0, 0, 0, 0, 0, 0, 0, 0, 0, 19, 141
"k:\AiChat\novel2ST\NovelToST\tests\unit\core\worldbook\api.service.spec.ts", "TypeScript", 210, 0, 0, 0, 0, 0, 0, 0, 0, 0, 0, 27, 237
"k:\AiChat\novel2ST\NovelToST\tests\unit\core\worldbook\category.service.spec.ts", "TypeScript", 74, 0, 0, 0, 0, 0, 0, 0, 0, 0, 0, 13, 87
"k:\AiChat\novel2ST\NovelToST\tests\unit\core\worldbook\chunk.service.spec.ts", "TypeScript", 99, 0, 0, 0, 0, 0, 0, 0, 0, 0, 0, 15, 114
"k:\AiChat\novel2ST\NovelToST\tests\unit\core\worldbook\entry-config.service.spec.ts", "TypeScript", 173, 0, 0, 0, 0, 0, 0, 0, 0, 0, 0, 21, 194
"k:\AiChat\novel2ST\NovelToST\tests\unit\core\worldbook\fixtures\import\conflict.fixture.ts", "TypeScript", 32, 0, 0, 0, 0, 0, 0, 0, 0, 0, 0, 2, 34
"k:\AiChat\novel2ST\NovelToST\tests\unit\core\worldbook\fixtures\import\conflict.json", "JSON", 0, 0, 0, 0, 31, 0, 0, 0, 0, 0, 0, 1, 32
"k:\AiChat\novel2ST\NovelToST\tests\unit\core\worldbook\fixtures\import\missing-field.fixture.ts", "TypeScript", 23, 0, 0, 0, 0, 0, 0, 0, 0, 0, 0, 2, 25
"k:\AiChat\novel2ST\NovelToST\tests\unit\core\worldbook\fixtures\import\missing-field.json", "JSON", 0, 0, 0, 0, 22, 0, 0, 0, 0, 0, 0, 1, 23
"k:\AiChat\novel2ST\NovelToST\tests\unit\core\worldbook\fixtures\import\standard.fixture.ts", "TypeScript", 33, 0, 0, 0, 0, 0, 0, 0, 0, 0, 0, 2, 35
"k:\AiChat\novel2ST\NovelToST\tests\unit\core\worldbook\fixtures\import\standard.json", "JSON", 0, 0, 0, 0, 32, 0, 0, 0, 0, 0, 0, 1, 33
"k:\AiChat\novel2ST\NovelToST\tests\unit\core\worldbook\history-db.service.spec.ts", "TypeScript", 161, 0, 0, 0, 0, 0, 0, 0, 0, 0, 0, 23, 184
"k:\AiChat\novel2ST\NovelToST\tests\unit\core\worldbook\merge.service.spec.ts", "TypeScript", 240, 0, 0, 0, 0, 0, 0, 0, 0, 0, 0, 25, 265
"k:\AiChat\novel2ST\NovelToST\tests\unit\core\worldbook\parse.service.spec.ts", "TypeScript", 33, 0, 0, 0, 0, 0, 0, 0, 0, 0, 0, 9, 42
"k:\AiChat\novel2ST\NovelToST\tests\unit\core\worldbook\process.service.spec.ts", "TypeScript", 182, 0, 0, 0, 0, 0, 0, 0, 0, 0, 0, 23, 205
"k:\AiChat\novel2ST\NovelToST\tests\unit\core\worldbook\reroll.service.spec.ts", "TypeScript", 262, 0, 0, 0, 0, 0, 0, 0, 0, 0, 0, 33, 295
"k:\AiChat\novel2ST\NovelToST\tests\unit\core\worldbook\semaphore.spec.ts", "TypeScript", 25, 0, 0, 0, 0, 0, 0, 0, 0, 0, 0, 10, 35
"k:\AiChat\novel2ST\NovelToST\tests\unit\core\worldbook\st-format.service.spec.ts", "TypeScript", 338, 0, 0, 0, 0, 0, 0, 0, 0, 0, 0, 45, 383
"k:\AiChat\novel2ST\NovelToST\tests\unit\core\worldbook\task-io.service.spec.ts", "TypeScript", 121, 0, 0, 0, 0, 0, 0, 0, 0, 0, 0, 13, 134
"k:\AiChat\novel2ST\NovelToST\tests\unit\core\worldbook\token.service.spec.ts", "TypeScript", 21, 0, 0, 0, 0, 0, 0, 0, 0, 0, 0, 7, 28
"k:\AiChat\novel2ST\NovelToST\tests\unit\core\worldbuilding-ai.service.spec.ts", "TypeScript", 158, 0, 0, 0, 0, 0, 0, 0, 0, 0, 0, 19, 177
"k:\AiChat\novel2ST\NovelToST\tests\unit\core\worldbuilding-outline-sync.service.spec.ts", "TypeScript", 87, 0, 0, 0, 0, 0, 0, 0, 0, 0, 0, 9, 96
"k:\AiChat\novel2ST\NovelToST\tests\unit\stores\export.store.spec.ts", "TypeScript", 55, 0, 0, 0, 0, 0, 0, 0, 0, 0, 0, 9, 64
"k:\AiChat\novel2ST\NovelToST\tests\unit\stores\foundation.store.spec.ts", "TypeScript", 294, 0, 0, 0, 0, 0, 0, 0, 0, 0, 0, 52, 346
"k:\AiChat\novel2ST\NovelToST\tests\unit\stores\generation.store.spec.ts", "TypeScript", 68, 0, 0, 0, 0, 0, 0, 0, 0, 0, 0, 25, 93
"k:\AiChat\novel2ST\NovelToST\tests\unit\stores\outline.store.contract.spec.ts", "TypeScript", 85, 0, 0, 0, 0, 0, 0, 0, 0, 0, 0, 12, 97
"k:\AiChat\novel2ST\NovelToST\tests\unit\stores\outline.store.spec.ts", "TypeScript", 507, 0, 0, 0, 0, 0, 0, 0, 0, 0, 0, 83, 590
"k:\AiChat\novel2ST\NovelToST\tests\unit\stores\settings.store.spec.ts", "TypeScript", 95, 0, 0, 0, 0, 0, 0, 0, 0, 0, 0, 20, 115
"k:\AiChat\novel2ST\NovelToST\tests\unit\stores\ui.store.spec.ts", "TypeScript", 32, 0, 0, 0, 0, 0, 0, 0, 0, 0, 0, 10, 42
"k:\AiChat\novel2ST\NovelToST\tests\unit\stores\workbench.store.spec.ts", "TypeScript", 50, 0, 0, 0, 0, 0, 0, 0, 0, 0, 0, 19, 69
"k:\AiChat\novel2ST\NovelToST\tests\unit\stores\worldbook.store.spec.ts", "TypeScript", 102, 0, 0, 0, 0, 0, 0, 0, 0, 0, 0, 25, 127
"k:\AiChat\novel2ST\NovelToST\tests\unit\stores\worldbuilding.store.spec.ts", "TypeScript", 144, 0, 0, 0, 0, 0, 0, 0, 0, 0, 0, 23, 167
"k:\AiChat\novel2ST\NovelToST\tests\unit\ui\base\base-dropdown-select.spec.ts", "TypeScript", 95, 0, 0, 0, 0, 0, 0, 0, 0, 0, 0, 20, 115
"k:\AiChat\novel2ST\NovelToST\tests\unit\ui\base\base-segmented-select.spec.ts", "TypeScript", 60, 0, 0, 0, 0, 0, 0, 0, 0, 0, 0, 17, 77
"k:\AiChat\novel2ST\NovelToST\tests\unit\ui\components\generation-form.help.spec.ts", "TypeScript", 23, 0, 0, 0, 0, 0, 0, 0, 0, 0, 0, 7, 30
"k:\AiChat\novel2ST\NovelToST\tests\unit\ui\components\non-workbench-dropdown-migration.spec.ts", "TypeScript", 78, 0, 0, 0, 0, 0, 0, 0, 0, 0, 0, 22, 100
"k:\AiChat\novel2ST\NovelToST\tests\unit\ui\extension-entry-app.spec.ts", "TypeScript", 14, 0, 0, 0, 0, 0, 0, 0, 0, 0, 0, 5, 19
"k:\AiChat\novel2ST\NovelToST\tests\unit\ui\help\help-modal.spec.ts", "TypeScript", 91, 0, 0, 0, 0, 0, 0, 0, 0, 0, 0, 22, 113
"k:\AiChat\novel2ST\NovelToST\tests\unit\ui\workbench.foundation-panel.spec.ts", "TypeScript", 140, 0, 0, 0, 0, 0, 0, 0, 0, 0, 0, 40, 180
"k:\AiChat\novel2ST\NovelToST\tests\unit\ui\workbench.llm-config-panel.spec.ts", "TypeScript", 71, 0, 0, 0, 0, 0, 0, 0, 0, 0, 0, 19, 90
"k:\AiChat\novel2ST\NovelToST\tests\unit\ui\workbench.outline-panel.spec.ts", "TypeScript", 382, 0, 0, 0, 0, 0, 0, 0, 0, 0, 0, 100, 482
"k:\AiChat\novel2ST\NovelToST\tests\unit\ui\workbench.ui.spec.ts", "TypeScript", 127, 0, 0, 0, 0, 0, 0, 0, 0, 0, 0, 44, 171
"k:\AiChat\novel2ST\NovelToST\tests\unit\ui\workbench.worldbuilding-panel.spec.ts", "TypeScript", 377, 0, 0, 0, 0, 0, 0, 0, 0, 0, 0, 99, 476
"k:\AiChat\novel2ST\NovelToST\tests\unit\ui\workbench\use-workbench-mention-input.spec.ts", "TypeScript", 212, 0, 0, 0, 0, 0, 0, 0, 0, 0, 0, 48, 260
"k:\AiChat\novel2ST\NovelToST\tsconfig.json", "JSON with Comments", 0, 0, 0, 0, 0, 56, 0, 0, 0, 0, 0, 1, 57
"k:\AiChat\novel2ST\NovelToST\tsconfig.typecheck.json", "JSON", 0, 0, 0, 0, 20, 0, 0, 0, 0, 0, 0, 1, 21
"k:\AiChat\novel2ST\NovelToST\util\common.ts", "TypeScript", 121, 0, 0, 0, 0, 0, 0, 0, 0, 0, 2, 12, 135
"k:\AiChat\novel2ST\NovelToST\util\iframe_srcdoc.html", "HTML", 0, 0, 0, 0, 0, 0, 0, 0, 17, 0, 0, 1, 18
"k:\AiChat\novel2ST\NovelToST\util\mvu.ts", "TypeScript", 60, 0, 0, 0, 0, 0, 0, 0, 0, 0, 0, 6, 66
"k:\AiChat\novel2ST\NovelToST\util\script.ts", "TypeScript", 40, 0, 0, 0, 0, 0, 0, 0, 0, 0, 0, 7, 47
"k:\AiChat\novel2ST\NovelToST\util\streaming.ts", "TypeScript", 191, 0, 0, 0, 0, 0, 0, 0, 0, 0, 23, 24, 238
"k:\AiChat\novel2ST\NovelToST\vitest.config.ts", "TypeScript", 25, 0, 0, 0, 0, 0, 0, 0, 0, 0, 0, 2, 27
"k:\AiChat\novel2ST\NovelToST\webpack.config.ts", "TypeScript", 578, 0, 0, 0, 0, 0, 0, 0, 0, 0, 1, 19, 598
"Total", "-", 38115, 2395, 1, 46886, 246, 67, 7579, 1, 407, 9391, 20539, 15388, 141015